,Session,Cluster,Peak Channel,Brain Region,A/P,D/V,L/R
373,0,562,420,DG,8865.5,4266.8,3038.3
387,0,579,480,DG,9015.4,3689.7,2963.5
427,0,644,423,DG,8899.1,4247.5,3073.0
442,0,669,409,DG,8839.4,4382.2,3058.3
454,0,685,468,DG,8989.3,3805.1,2983.6
472,0,709,468,DG,8989.3,3805.1,2983.6
477,0,718,432,DG,8891.6,4151.3,3018.3
503,0,761,431,DG,8916.5,4170.6,3059.7
518,0,782,426,DG,8888.3,4209.0,3041.0
525,0,796,427,DG,8907.8,4209.0,3066.3
530,0,809,468,DG,8989.3,3805.1,2983.6
555,0,849,427,DG,8907.8,4209.0,3066.3
572,0,873,449,DG,8940.5,3978.2,3000.9
580,0,884,449,DG,8940.5,3978.2,3000.9
589,0,898,447,DG,8951.3,4016.7,3033.0
591,0,901,409,DG,8839.4,4382.2,3058.3
595,0,908,440,DG,8909.0,4074.4,3004.9
632,0,969,465,DG,8975.2,3824.4,2974.2
638,0,978,458,DG,8977.3,3901.3,3012.9
645,0,991,460,DG,8971.9,3882.1,2996.9
653,0,1004,432,DG,8891.6,4151.3,3018.3
658,0,1009,435,DG,8925.2,4132.1,3053.0
668,0,1019,432,DG,8891.6,4151.3,3018.3
672,0,1023,470,DG,9003.4,3785.9,2992.9
674,0,1025,412,DG,8848.1,4343.7,3051.6
676,0,1027,427,DG,8907.8,4209.0,3066.3
677,0,1028,437,DG,8919.8,4112.9,3037.0
686,0,1037,423,DG,8899.1,4247.5,3073.0
711,0,1062,460,DG,8971.9,3882.1,2996.9
726,0,1077,417,DG,8876.3,4305.2,3070.3
728,0,1079,425,DG,8893.7,4228.3,3057.0
730,0,1081,415,DG,8881.7,4324.5,3086.4
731,0,1082,449,DG,8940.5,3978.2,3000.9
733,0,1084,438,DG,8914.4,4093.6,3020.9
1804,2,0,164,DG,8069.9,2232.5,3517.1
1822,2,43,186,DG,8033.0,1999.6,3572.5
1830,2,53,160,DG,8078.6,2271.3,3512.6
1835,2,62,176,DG,8044.1,2116.1,3530.6
1838,2,67,178,DG,8032.4,2096.6,3518.7
1839,2,69,169,DG,8064.4,2174.3,3538.1
1851,2,91,179,DG,8050.3,2077.2,3563.5
1855,2,100,185,DG,8015.2,2019.0,3527.7
1862,2,111,167,DG,8076.1,2193.7,3550.0
1863,2,114,186,DG,8033.0,1999.6,3572.5
1869,2,124,170,DG,8049.6,2174.3,3509.7
1874,2,135,159,DG,8093.4,2271.3,3541.0
1885,2,169,185,DG,8015.2,2019.0,3527.7
1922,2,257,186,DG,8033.0,1999.6,3572.5
1938,2,280,163,DG,8084.7,2232.5,3545.5
1940,2,284,184,DG,8026.9,2038.4,3539.6
1959,2,322,170,DG,8049.6,2174.3,3509.7
1981,2,371,198,DG,8007.2,1883.2,3586.0
1988,2,393,160,DG,8078.6,2271.3,3512.6
1994,2,407,163,DG,8084.7,2232.5,3545.5
1998,2,416,174,DG,8041.0,2135.5,3514.2
2021,2,452,185,DG,8015.2,2019.0,3527.7
2022,2,453,183,DG,8041.7,2038.4,3568.0
2023,2,454,182,DG,8023.8,2057.8,3523.2
2024,2,455,182,DG,8023.8,2057.8,3523.2
2025,2,456,177,DG,8047.2,2096.6,3547.0
2026,2,457,170,DG,8049.6,2174.3,3509.7
2027,2,458,168,DG,8061.3,2193.7,3521.6
2037,2,468,164,DG,8069.9,2232.5,3517.1
2038,2,469,174,DG,8041.0,2135.5,3514.2
2092,2,524,170,DG,8049.6,2174.3,3509.7
2093,2,525,170,DG,8049.6,2174.3,3509.7
2094,2,526,166,DG,8058.2,2213.1,3505.2
2095,2,527,163,DG,8084.7,2232.5,3545.5
2424,3,1,159,DG,8387.3,2137.4,3642.3
2433,3,10,166,DG,8399.1,2085.4,3697.6
2441,3,18,166,DG,8399.1,2085.4,3697.6
2469,3,49,166,DG,8399.1,2085.4,3697.6
2472,3,52,185,DG,8493.1,1912.2,3731.8
2475,3,55,184,DG,8489.1,1929.6,3713.4
2477,3,57,163,DG,8406.1,2102.8,3649.1
2485,3,66,170,DG,8417.9,2050.8,3704.5
2488,3,69,174,DG,8436.7,2016.2,3711.3
2507,3,92,191,DG,8526.7,1860.3,3727.1
2514,3,101,203,DG,8583.1,1756.4,3747.6
2522,3,109,175,DG,8462.5,1998.8,3669.6
2529,3,116,166,DG,8399.1,2085.4,3697.6
2540,3,128,178,DG,8455.5,1981.5,3718.2
2549,3,141,166,DG,8399.1,2085.4,3697.6
2550,3,142,185,DG,8493.1,1912.2,3731.8
2557,3,149,166,DG,8399.1,2085.4,3697.6
2562,3,154,161,DG,8391.2,2120.1,3660.7
2572,3,164,175,DG,8462.5,1998.8,3669.6
2575,3,167,161,DG,8391.2,2120.1,3660.7
2587,3,179,207,DG,8601.9,1721.7,3754.4
2597,3,189,159,DG,8387.3,2137.4,3642.3
2615,3,207,162,DG,8380.3,2120.1,3690.8
2617,3,209,166,DG,8399.1,2085.4,3697.6
2636,3,232,166,DG,8399.1,2085.4,3697.6
2637,3,233,165,DG,8410.0,2085.4,3667.6
2644,3,241,171,DG,8443.7,2033.5,3662.8
2653,3,250,161,DG,8391.2,2120.1,3660.7
2655,3,252,179,DG,8481.3,1964.2,3676.5
2670,3,271,179,DG,8481.3,1964.2,3676.5
2672,3,273,182,DG,8474.3,1946.9,3725.0
2683,3,286,161,DG,8391.2,2120.1,3660.7
2685,3,288,179,DG,8481.3,1964.2,3676.5
2688,3,292,166,DG,8399.1,2085.4,3697.6
2693,3,299,174,DG,8436.7,2016.2,3711.3
2695,3,301,178,DG,8455.5,1981.5,3718.2
2700,3,307,178,DG,8455.5,1981.5,3718.2
2702,3,309,175,DG,8462.5,1998.8,3669.6
2705,3,312,161,DG,8391.2,2120.1,3660.7
2706,3,313,170,DG,8417.9,2050.8,3704.5
2712,3,319,182,DG,8474.3,1946.9,3725.0
2733,3,344,179,DG,8481.3,1964.2,3676.5
2737,3,349,166,DG,8399.1,2085.4,3697.6
2741,3,353,178,DG,8455.5,1981.5,3718.2
2746,3,358,166,DG,8399.1,2085.4,3697.6
2748,3,360,185,DG,8493.1,1912.2,3731.8
2756,3,368,182,DG,8474.3,1946.9,3725.0
2757,3,369,161,DG,8391.2,2120.1,3660.7
2759,3,371,195,DG,8545.5,1825.6,3733.9
2770,3,383,165,DG,8410.0,2085.4,3667.6
2779,3,393,170,DG,8417.9,2050.8,3704.5
2787,3,401,178,DG,8455.5,1981.5,3718.2
2789,3,404,185,DG,8493.1,1912.2,3731.8
2790,3,405,185,DG,8493.1,1912.2,3731.8
2825,3,443,175,DG,8462.5,1998.8,3669.6
2827,3,445,182,DG,8474.3,1946.9,3725.0
2840,3,461,159,DG,8387.3,2137.4,3642.3
2848,3,469,166,DG,8399.1,2085.4,3697.6
2851,3,472,161,DG,8391.2,2120.1,3660.7
2858,3,481,182,DG,8474.3,1946.9,3725.0
2861,3,484,174,DG,8436.7,2016.2,3711.3
2866,3,490,166,DG,8399.1,2085.4,3697.6
2872,3,496,179,DG,8481.3,1964.2,3676.5
2874,3,498,162,DG,8380.3,2120.1,3690.8
2883,3,508,195,DG,8545.5,1825.6,3733.9
2890,3,517,162,DG,8380.3,2120.1,3690.8
2903,3,531,185,DG,8493.1,1912.2,3731.8
2905,3,533,185,DG,8493.1,1912.2,3731.8
2907,3,535,171,DG,8443.7,2033.5,3662.8
2918,3,547,175,DG,8462.5,1998.8,3669.6
2925,3,556,207,DG,8601.9,1721.7,3754.4
2936,3,567,167,DG,8424.9,2068.1,3655.9
2951,3,585,149,DG,8334.9,2224.0,3640.2
2961,3,595,196,DG,8560.4,1808.3,3722.3
2976,3,611,166,DG,8399.1,2085.4,3697.6
2977,3,612,178,DG,8455.5,1981.5,3718.2
2984,3,619,556,DG,6781.0,2055.8,4953.0
2986,3,621,548,DG,6758.9,2129.4,4975.1
2987,3,622,549,DG,6730.5,2111.0,4935.6
2989,3,624,547,DG,6736.2,2129.4,4952.4
3002,3,643,549,DG,6730.5,2111.0,4935.6
3009,3,653,552,DG,6769.9,2092.6,4964.0
3020,3,671,547,DG,6736.2,2129.4,4952.4
3022,3,674,554,DG,6764.1,2074.2,4947.2
3030,3,687,548,DG,6758.9,2129.4,4975.1
3042,3,706,559,DG,6792.0,2019.0,4941.9
3044,3,711,527,DG,6681.0,2313.5,5007.7
3054,3,726,557,DG,6752.6,2037.4,4913.5
3065,3,740,527,DG,6681.0,2313.5,5007.7
3068,3,744,547,DG,6736.2,2129.4,4952.4
3069,3,745,552,DG,6769.9,2092.6,4964.0
3070,3,746,548,DG,6758.9,2129.4,4975.1
3075,3,755,559,DG,6792.0,2019.0,4941.9
3076,3,756,560,DG,6763.6,2000.5,4902.5
3085,3,768,552,DG,6769.9,2092.6,4964.0
3091,3,779,549,DG,6730.5,2111.0,4935.6
3092,3,780,553,DG,6741.5,2074.2,4924.6
3106,3,804,560,DG,6763.6,2000.5,4902.5
3117,3,820,552,DG,6769.9,2092.6,4964.0
3124,3,831,547,DG,6736.2,2129.4,4952.4
3125,3,832,548,DG,6758.9,2129.4,4975.1
3128,3,838,557,DG,6752.6,2037.4,4913.5
3129,3,839,556,DG,6781.0,2055.8,4953.0
3132,3,842,527,DG,6681.0,2313.5,5007.7
3134,3,844,546,DG,6742.0,2147.8,4969.3
3136,3,846,547,DG,6736.2,2129.4,4952.4
3138,3,849,548,DG,6758.9,2129.4,4975.1
3139,3,851,548,DG,6758.9,2129.4,4975.1
3145,3,859,557,DG,6752.6,2037.4,4913.5
3165,3,893,552,DG,6769.9,2092.6,4964.0
3171,3,901,546,DG,6742.0,2147.8,4969.3
3176,3,908,556,DG,6781.0,2055.8,4953.0
3182,3,915,559,DG,6792.0,2019.0,4941.9
3183,3,916,555,DG,6758.3,2055.8,4930.3
3192,3,927,551,DG,6747.3,2092.6,4941.4
3198,3,940,553,DG,6741.5,2074.2,4924.6
3202,3,950,560,DG,6763.6,2000.5,4902.5
3212,3,969,549,DG,6730.5,2111.0,4935.6
3215,3,972,564,DG,6774.7,1963.7,4891.4
3225,3,986,550,DG,6753.1,2111.0,4958.2
3245,3,1028,564,DG,6774.7,1963.7,4891.4
3246,3,1029,550,DG,6753.1,2111.0,4958.2
3254,3,1051,550,DG,6753.1,2111.0,4958.2
3255,3,1052,552,DG,6769.9,2092.6,4964.0
3260,3,1059,556,DG,6781.0,2055.8,4953.0
3262,3,1061,552,DG,6769.9,2092.6,4964.0
3265,3,1065,549,DG,6730.5,2111.0,4935.6
3266,3,1066,550,DG,6753.1,2111.0,4958.2
3277,3,1088,572,DG,6796.8,1890.1,4869.3
3292,3,1120,550,DG,6753.1,2111.0,4958.2
3299,3,1130,552,DG,6769.9,2092.6,4964.0
3309,3,1147,559,DG,6792.0,2019.0,4941.9
3316,3,1159,547,DG,6736.2,2129.4,4952.4
3317,3,1161,554,DG,6764.1,2074.2,4947.2
3318,3,1162,552,DG,6769.9,2092.6,4964.0
3321,3,1167,529,DG,6675.2,2295.1,4990.9
3323,3,1171,547,DG,6736.2,2129.4,4952.4
3325,3,1174,548,DG,6758.9,2129.4,4975.1
3335,3,1187,549,DG,6730.5,2111.0,4935.6
3336,3,1188,569,DG,6808.3,1926.9,4903.0
3343,3,1195,553,DG,6741.5,2074.2,4924.6
3345,3,1197,548,DG,6758.9,2129.4,4975.1
3350,3,1202,552,DG,6769.9,2092.6,4964.0
3351,3,1203,565,DG,6797.3,1963.7,4914.0
4403,4,384,670,DG,8611.7,2064.8,3676.0
4427,4,411,665,DG,8601.3,2123.9,3724.0
4460,4,446,670,DG,8611.7,2064.8,3676.0
4575,4,568,670,DG,8611.7,2064.8,3676.0
4596,4,591,670,DG,8611.7,2064.8,3676.0
4602,4,597,672,DG,8615.2,2045.1,3724.0
4644,4,642,665,DG,8601.3,2123.9,3724.0
4657,4,656,670,DG,8611.7,2064.8,3676.0
4727,4,729,665,DG,8601.3,2123.9,3724.0
4744,4,746,672,DG,8615.2,2045.1,3724.0
4776,4,782,672,DG,8615.2,2045.1,3724.0
4812,4,821,678,DG,8625.6,1986.0,3708.0
4855,4,870,665,DG,8601.3,2123.9,3724.0
4877,4,897,670,DG,8611.7,2064.8,3676.0
4890,4,910,673,DG,8618.7,2025.4,3676.0
4915,4,937,670,DG,8611.7,2064.8,3676.0
7588,7,735,583,DG,7130.1,1906.5,3790.7
7612,7,781,597,DG,7110.2,1755.6,3731.8
7674,7,898,558,DG,7096.1,2151.6,3872.0
7754,7,1035,597,DG,7110.2,1755.6,3731.8
7755,7,1036,572,DG,7076.1,2000.8,3813.1
7870,7,1171,931,DG,8268.0,2153.0,3605.9
7871,7,1172,930,DG,8282.9,2170.0,3652.8
7878,7,1185,933,DG,8301.2,2136.0,3642.2
7882,7,1194,929,DG,8266.9,2170.0,3625.1
7883,7,1195,930,DG,8282.9,2170.0,3652.8
7884,7,1197,931,DG,8268.0,2153.0,3605.9
7887,7,1200,930,DG,8282.9,2170.0,3652.8
7892,7,1212,932,DG,8284.0,2153.0,3633.7
7893,7,1215,930,DG,8282.9,2170.0,3652.8
7942,7,1300,927,DG,8249.7,2187.0,3616.5
7948,7,1310,932,DG,8284.0,2153.0,3633.7
7949,7,1311,932,DG,8284.0,2153.0,3633.7
7958,7,1339,931,DG,8268.0,2153.0,3605.9
7962,7,1347,931,DG,8268.0,2153.0,3605.9
7973,7,1365,934,DG,8286.4,2119.0,3595.4
7993,7,1406,930,DG,8282.9,2170.0,3652.8
8007,7,1432,931,DG,8268.0,2153.0,3605.9
8011,7,1441,928,DG,8265.7,2187.0,3644.2
8032,7,1480,931,DG,8268.0,2153.0,3605.9
8054,7,1532,935,DG,8302.3,2119.0,3623.1
8060,7,1539,937,DG,8319.5,2102.1,3631.7
8071,7,1568,926,DG,8264.6,2204.0,3663.3
8074,7,1577,946,DG,8341.3,2017.1,3563.7
8094,7,1615,930,DG,8282.9,2170.0,3652.8
8171,7,1699,930,DG,8282.9,2170.0,3652.8
8176,7,1704,930,DG,8282.9,2170.0,3652.8
8177,7,1705,929,DG,8266.9,2170.0,3625.1
8178,7,1706,928,DG,8265.7,2187.0,3644.2
9430,9,593,551,DG,8520.3,2692.1,3153.4
9436,9,603,539,DG,8520.2,2789.3,3223.8
9438,9,605,559,DG,8552.4,2627.4,3106.5
9441,9,609,552,DG,8552.3,2692.1,3153.4
9447,9,619,539,DG,8520.2,2789.3,3223.8
9448,9,620,561,DG,8536.4,2611.2,3094.7
9454,9,630,553,DG,8504.3,2676.0,3141.6
9456,9,634,539,DG,8520.2,2789.3,3223.8
9476,9,658,539,DG,8520.2,2789.3,3223.8
9477,9,659,539,DG,8520.2,2789.3,3223.8
9479,9,661,544,DG,8552.2,2756.9,3200.4
9482,9,665,558,DG,8536.3,2643.6,3118.2
9486,9,669,548,DG,8552.2,2724.5,3176.9
9500,9,693,552,DG,8552.3,2692.1,3153.4
9501,9,694,548,DG,8552.2,2724.5,3176.9
9504,9,697,557,DG,8504.3,2643.6,3118.1
9507,9,700,539,DG,8520.2,2789.3,3223.8
9508,9,701,556,DG,8552.3,2659.8,3130.0
9514,9,710,539,DG,8520.2,2789.3,3223.8
9517,9,714,557,DG,8504.3,2643.6,3118.1
9525,9,732,539,DG,8520.2,2789.3,3223.8
9532,9,739,552,DG,8552.3,2692.1,3153.4
9541,9,755,539,DG,8520.2,2789.3,3223.8
9547,9,765,539,DG,8520.2,2789.3,3223.8
9558,9,778,549,DG,8504.3,2708.3,3165.1
9559,9,779,542,DG,8536.2,2773.1,3212.1
9564,9,785,539,DG,8520.2,2789.3,3223.8
9565,9,786,551,DG,8520.3,2692.1,3153.4
9574,9,796,557,DG,8504.3,2643.6,3118.1
9576,9,798,539,DG,8520.2,2789.3,3223.8
9577,9,799,559,DG,8552.4,2627.4,3106.5
9579,9,802,539,DG,8520.2,2789.3,3223.8
9581,9,804,552,DG,8552.3,2692.1,3153.4
9582,9,805,548,DG,8552.2,2724.5,3176.9
9583,9,806,544,DG,8552.2,2756.9,3200.4
9585,9,809,561,DG,8536.4,2611.2,3094.7
9592,9,821,544,DG,8552.2,2756.9,3200.4
9607,9,845,559,DG,8552.4,2627.4,3106.5
9610,9,849,556,DG,8552.3,2659.8,3130.0
9611,9,850,560,DG,8504.4,2611.2,3094.7
9619,9,862,548,DG,8552.2,2724.5,3176.9
9624,9,867,553,DG,8504.3,2676.0,3141.6
9649,9,905,548,DG,8552.2,2724.5,3176.9
9655,9,913,539,DG,8520.2,2789.3,3223.8
9656,9,914,549,DG,8504.3,2708.3,3165.1
9659,9,918,539,DG,8520.2,2789.3,3223.8
9667,9,928,548,DG,8552.2,2724.5,3176.9
9679,9,941,549,DG,8504.3,2708.3,3165.1
9688,9,952,539,DG,8520.2,2789.3,3223.8
9691,9,957,548,DG,8552.2,2724.5,3176.9
9702,9,972,539,DG,8520.2,2789.3,3223.8
9711,9,985,557,DG,8504.3,2643.6,3118.1
9713,9,987,548,DG,8552.2,2724.5,3176.9
9716,9,990,558,DG,8536.3,2643.6,3118.2
9733,9,1013,548,DG,8552.2,2724.5,3176.9
9736,9,1016,544,DG,8552.2,2756.9,3200.4
9749,9,1030,549,DG,8504.3,2708.3,3165.1
9752,9,1036,539,DG,8520.2,2789.3,3223.8
9754,9,1039,557,DG,8504.3,2643.6,3118.1
9766,9,1054,552,DG,8552.3,2692.1,3153.4
9790,9,1085,552,DG,8552.3,2692.1,3153.4
9793,9,1089,556,DG,8552.3,2659.8,3130.0
9798,9,1097,548,DG,8552.2,2724.5,3176.9
9806,9,1107,560,DG,8504.4,2611.2,3094.7
9819,9,1123,539,DG,8520.2,2789.3,3223.8
9823,9,1128,548,DG,8552.2,2724.5,3176.9
9828,9,1135,539,DG,8520.2,2789.3,3223.8
9834,9,1142,539,DG,8520.2,2789.3,3223.8
9866,9,1183,551,DG,8520.3,2692.1,3153.4
9890,9,1210,541,DG,8504.2,2773.1,3212.0
9894,9,1214,559,DG,8552.4,2627.4,3106.5
9899,9,1219,546,DG,8536.2,2740.7,3188.6
9906,9,1226,535,DG,8520.1,2821.7,3247.3
10999,11,5,93,DG,8073.8,2939.5,3491.8
11003,11,10,101,DG,8111.4,2870.2,3505.5
11007,11,24,128,DG,8243.0,2627.7,3553.3
11016,11,43,120,DG,8205.4,2697.0,3539.7
11022,11,53,101,DG,8111.4,2870.2,3505.5
11035,11,82,89,DG,8055.1,2974.2,3484.9
11038,11,87,139,DG,8273.6,2541.1,3615.5
11050,11,109,85,DG,8036.3,3008.8,3478.1
11053,11,120,124,DG,8224.2,2662.4,3546.5
11060,11,130,115,DG,8160.8,2749.0,3574.5
11063,11,135,87,DG,8040.2,2991.5,3496.6
11065,11,139,89,DG,8055.1,2974.2,3484.9
11070,11,148,108,DG,8123.2,2818.3,3560.8
11074,11,155,95,DG,8077.8,2922.2,3510.2
11083,11,172,89,DG,8055.1,2974.2,3484.9
11092,11,190,143,DG,8292.4,2506.5,3622.4
11100,11,211,84,DG,8010.4,3026.1,3519.8
11103,11,214,112,DG,8167.8,2766.3,3526.0
11122,11,302,125,DG,8213.3,2662.4,3576.6
11123,11,303,121,DG,8194.5,2697.0,3569.7
11130,11,321,89,DG,8055.1,2974.2,3484.9
11135,11,330,65,DG,7916.5,3199.3,3485.6
11139,11,340,98,DG,8081.7,2904.9,3528.7
11145,11,346,102,DG,8100.5,2870.2,3535.5
11151,11,352,101,DG,8111.4,2870.2,3505.5
11155,11,356,141,DG,8288.4,2523.8,3603.9
11160,11,361,120,DG,8205.4,2697.0,3539.7
11162,11,363,116,DG,8186.6,2731.7,3532.8
11175,11,376,85,DG,8036.3,3008.8,3478.1
11181,11,382,101,DG,8111.4,2870.2,3505.5
11182,11,383,89,DG,8055.1,2974.2,3484.9
11193,11,394,93,DG,8073.8,2939.5,3491.8
11195,11,396,93,DG,8073.8,2939.5,3491.8
11196,11,397,85,DG,8036.3,3008.8,3478.1
11198,11,399,81,DG,8017.5,3043.4,3471.3
11202,11,403,81,DG,8017.5,3043.4,3471.3
11206,11,407,92,DG,8048.0,2956.8,3533.5
11208,11,409,89,DG,8055.1,2974.2,3484.9
11209,11,410,97,DG,8092.6,2904.9,3498.6
11212,11,413,128,DG,8243.0,2627.7,3553.3
11213,11,414,71,DG,7950.1,3147.4,3480.8
11217,11,418,93,DG,8073.8,2939.5,3491.8
11411,11,778,936,DG,6880.4,2042.1,4508.2
11431,11,807,931,DG,6852.6,2097.4,4513.5
11436,11,817,934,DG,6863.6,2060.5,4502.5
11439,11,820,937,DG,6903.1,2042.1,4530.9
11453,11,838,931,DG,6852.6,2097.4,4513.5
11465,11,857,931,DG,6852.6,2097.4,4513.5
11478,11,877,923,DG,6830.5,2171.0,4535.6
11508,11,932,933,DG,6892.0,2079.0,4541.9
11509,11,935,928,DG,6864.1,2134.2,4547.2
11513,11,947,960,DG,6946.8,1821.2,4441.9
11516,11,954,927,DG,6841.5,2134.2,4524.6
11518,11,958,927,DG,6841.5,2134.2,4524.6
11534,11,983,939,DG,6897.3,2023.7,4514.0
11550,11,1017,922,DG,6858.9,2189.4,4575.1
11565,11,1049,933,DG,6892.0,2079.0,4541.9
11591,11,1116,941,DG,6914.1,2005.3,4519.8
11592,11,1117,932,DG,6875.2,2097.4,4536.1
11610,11,1135,931,DG,6852.6,2097.4,4513.5
11614,11,1139,937,DG,6903.1,2042.1,4530.9
11630,11,1155,923,DG,6830.5,2171.0,4535.6
11642,11,1167,919,DG,6819.4,2207.8,4546.7
11646,11,1171,935,DG,6886.2,2060.5,4525.1
11659,11,1184,925,DG,6847.3,2152.6,4541.4
11697,12,6,155,DG,7424.0,2397.3,3247.6
11698,12,7,138,DG,7408.0,2566.5,3186.0
11712,12,31,157,DG,7408.0,2378.5,3254.4
11713,12,32,136,DG,7424.0,2585.3,3179.2
11716,12,35,151,DG,7424.0,2434.9,3233.9
11718,12,38,162,DG,7376.0,2340.9,3268.1
11768,12,105,163,DG,7424.0,2322.1,3274.9
11816,12,169,149,DG,7408.0,2453.7,3227.0
11839,12,204,144,DG,7424.0,2510.1,3206.5
11840,12,205,144,DG,7424.0,2510.1,3206.5
11841,12,206,166,DG,7376.0,2303.4,3281.8
11842,12,208,171,DG,7424.0,2247.0,3302.3
11852,12,218,154,DG,7376.0,2416.1,3240.7
11878,12,244,139,DG,7376.0,2566.5,3186.0
11883,12,249,162,DG,7376.0,2340.9,3268.1
11929,12,295,156,DG,7392.0,2397.3,3247.6
11943,12,309,144,DG,7424.0,2510.1,3206.5
16307,18,3,191,DG,7800.3,1964.9,3857.5
16308,18,6,185,DG,7820.6,2023.5,3857.6
16309,18,8,190,DG,7775.0,1964.9,3877.1
16315,18,22,186,DG,7780.2,2004.0,3883.7
16320,18,30,185,DG,7820.6,2023.5,3857.6
16323,18,33,184,DG,7810.6,2043.1,3870.7
16340,18,52,193,DG,7810.4,1945.3,3844.4
16345,18,57,188,DG,7790.2,1984.4,3870.6
16346,18,58,184,DG,7810.6,2043.1,3870.7
16349,18,61,190,DG,7775.0,1964.9,3877.1
16365,18,81,220,DG,7749.2,1671.5,3817.8
16388,18,108,189,DG,7815.5,1984.4,3851.0
16391,18,111,189,DG,7815.5,1984.4,3851.0
16394,18,115,189,DG,7815.5,1984.4,3851.0
16409,18,131,186,DG,7780.2,2004.0,3883.7
16415,18,138,188,DG,7790.2,1984.4,3870.6
16426,18,152,193,DG,7810.4,1945.3,3844.4
16440,18,174,182,DG,7825.8,2062.7,3864.2
16441,18,175,185,DG,7820.6,2023.5,3857.6
16462,18,199,186,DG,7780.2,2004.0,3883.7
16465,18,202,189,DG,7815.5,1984.4,3851.0
16466,18,203,189,DG,7815.5,1984.4,3851.0
16469,18,208,189,DG,7815.5,1984.4,3851.0
16470,18,209,189,DG,7815.5,1984.4,3851.0
16476,18,217,190,DG,7775.0,1964.9,3877.1
16479,18,221,183,DG,7785.3,2043.1,3890.3
16480,18,222,185,DG,7820.6,2023.5,3857.6
16483,18,226,189,DG,7815.5,1984.4,3851.0
16484,18,227,192,DG,7785.1,1945.3,3864.0
16486,18,230,184,DG,7810.6,2043.1,3870.7
16493,18,239,191,DG,7800.3,1964.9,3857.5
16494,18,242,222,DG,7734.0,1651.9,3824.3
16501,18,254,183,DG,7785.3,2043.1,3890.3
16503,18,257,185,DG,7820.6,2023.5,3857.6
16516,18,276,184,DG,7810.6,2043.1,3870.7
16524,18,291,186,DG,7780.2,2004.0,3883.7
16576,18,346,222,DG,7734.0,1651.9,3824.3
16580,18,350,214,DG,7744.2,1730.2,3837.5
16598,18,368,200,DG,7774.8,1867.1,3850.8
16624,18,394,189,DG,7815.5,1984.4,3851.0
16627,18,397,188,DG,7790.2,1984.4,3870.6
16935,19,32,162,DG,7517.0,2370.3,3547.5
16968,19,72,175,DG,7482.1,2233.9,3593.1
16988,19,96,157,DG,7523.7,2409.2,3580.0
16991,19,99,159,DG,7518.0,2389.8,3595.7
16998,19,107,159,DG,7518.0,2389.8,3595.7
17020,19,131,173,DG,7487.8,2253.4,3577.5
17037,19,153,189,DG,7454.2,2097.5,3542.9
17050,19,168,159,DG,7518.0,2389.8,3595.7
17076,19,198,178,DG,7481.1,2214.4,3544.9
17079,19,201,182,DG,7472.1,2175.4,3544.2
17086,19,210,174,DG,7490.1,2253.4,3545.5
17100,19,226,178,DG,7481.1,2214.4,3544.9
17107,19,237,189,DG,7454.2,2097.5,3542.9
17115,19,249,159,DG,7518.0,2389.8,3595.7
17149,19,293,159,DG,7518.0,2389.8,3595.7
17163,19,310,182,DG,7472.1,2175.4,3544.2
17174,19,322,182,DG,7472.1,2175.4,3544.2
17182,19,330,199,DG,7430.6,2000.0,3557.3
17191,19,340,189,DG,7454.2,2097.5,3542.9
17202,19,355,184,DG,7466.5,2155.9,3559.9
17212,19,366,187,DG,7457.5,2116.9,3559.2
17217,19,375,189,DG,7454.2,2097.5,3542.9
17226,19,384,175,DG,7482.1,2233.9,3593.1
17237,19,400,171,DG,7491.1,2272.8,3593.7
17243,19,410,157,DG,7523.7,2409.2,3580.0
17249,19,417,187,DG,7457.5,2116.9,3559.2
17266,19,437,159,DG,7518.0,2389.8,3595.7
17285,19,464,171,DG,7491.1,2272.8,3593.7
17290,19,469,159,DG,7518.0,2389.8,3595.7
17291,19,470,159,DG,7518.0,2389.8,3595.7
17303,19,484,162,DG,7517.0,2370.3,3547.5
17304,19,485,167,DG,7500.1,2311.8,3594.4
17316,19,497,174,DG,7490.1,2253.4,3545.5
17371,19,552,177,DG,7478.8,2214.4,3576.8
17373,19,554,182,DG,7472.1,2175.4,3544.2
17380,19,561,170,DG,7499.1,2292.3,3546.2
17389,19,570,171,DG,7491.1,2272.8,3593.7
17421,19,612,521,DG,8421.8,2473.1,3822.6
17429,19,621,523,DG,8443.6,2433.4,3798.6
17475,19,679,570,DG,8493.8,1957.2,3831.5
17482,19,690,529,DG,8458.6,2373.9,3789.3
17507,19,722,549,DG,8479.5,2175.5,3803.0
17516,19,738,535,DG,8456.1,2314.4,3806.8
17524,19,750,571,DG,8476.3,1957.2,3858.3
17542,19,768,565,DG,8478.7,2016.7,3840.8
19044,22,11,175,DG,7573.9,2031.7,4018.8
19045,22,12,181,DG,7597.9,1974.9,4026.7
19055,22,22,171,DG,7561.7,2069.5,4023.5
19057,22,24,141,DG,7475.9,2372.0,4090.9
19061,22,28,174,DG,7585.1,2050.6,4065.9
19065,22,33,181,DG,7597.9,1974.9,4026.7
19068,22,36,141,DG,7475.9,2372.0,4090.9
19074,22,42,165,DG,7549.2,2126.2,4045.5
19078,22,46,147,DG,7499.9,2315.3,4098.8
19079,22,47,148,DG,7488.7,2296.4,4051.7
19092,22,61,170,DG,7572.9,2088.4,4070.6
19096,22,65,166,DG,7560.8,2126.2,4075.3
19102,22,71,141,DG,7475.9,2372.0,4090.9
19129,22,101,181,DG,7597.9,1974.9,4026.7
19153,22,125,141,DG,7475.9,2372.0,4090.9
19183,22,156,156,DG,7524.6,2220.7,4072.1
19185,22,158,174,DG,7585.1,2050.6,4065.9
19196,22,169,171,DG,7561.7,2069.5,4023.5
19197,22,170,159,DG,7525.2,2182.9,4037.6
19199,22,172,181,DG,7597.9,1974.9,4026.7
19212,22,186,141,DG,7475.9,2372.0,4090.9
19237,22,213,181,DG,7597.9,1974.9,4026.7
19239,22,216,181,DG,7597.9,1974.9,4026.7
19240,22,217,178,DG,7597.3,2012.8,4061.3
19243,22,222,181,DG,7597.9,1974.9,4026.7
19268,22,249,174,DG,7585.1,2050.6,4065.9
19280,22,262,172,DG,7573.3,2069.5,4053.4
19281,22,263,158,DG,7536.4,2201.8,4084.7
19291,22,274,155,DG,7513.1,2220.7,4042.3
19303,22,287,158,DG,7536.4,2201.8,4084.7
19311,22,297,155,DG,7513.1,2220.7,4042.3
19321,22,307,177,DG,7585.7,2012.8,4031.4
19340,22,327,148,DG,7488.7,2296.4,4051.7
19359,22,346,171,DG,7561.7,2069.5,4023.5
19369,22,357,172,DG,7573.3,2069.5,4053.4
19386,22,377,148,DG,7488.7,2296.4,4051.7
19401,22,393,177,DG,7585.7,2012.8,4031.4
19408,22,400,181,DG,7597.9,1974.9,4026.7
19417,22,410,181,DG,7597.9,1974.9,4026.7
19439,22,433,162,DG,7548.6,2164.0,4080.0
19446,22,440,141,DG,7475.9,2372.0,4090.9
19451,22,445,158,DG,7536.4,2201.8,4084.7
19461,22,456,175,DG,7573.9,2031.7,4018.8
19466,22,461,159,DG,7525.2,2182.9,4037.6
19489,22,487,158,DG,7536.4,2201.8,4084.7
19497,22,496,181,DG,7597.9,1974.9,4026.7
19504,22,503,181,DG,7597.9,1974.9,4026.7
19520,22,523,159,DG,7525.2,2182.9,4037.6
19532,22,536,172,DG,7573.3,2069.5,4053.4
19537,22,542,144,DG,7476.6,2334.2,4056.4
19538,22,543,181,DG,7597.9,1974.9,4026.7
19563,22,574,177,DG,7585.7,2012.8,4031.4
19567,22,578,181,DG,7597.9,1974.9,4026.7
19574,22,585,162,DG,7548.6,2164.0,4080.0
19589,22,603,170,DG,7572.9,2088.4,4070.6
19601,22,618,165,DG,7549.2,2126.2,4045.5
19606,22,623,174,DG,7585.1,2050.6,4065.9
19609,22,627,181,DG,7597.9,1974.9,4026.7
19628,22,646,148,DG,7488.7,2296.4,4051.7
19629,22,647,181,DG,7597.9,1974.9,4026.7
19648,22,668,167,DG,7549.6,2107.3,4028.2
19650,22,670,181,DG,7597.9,1974.9,4026.7
19652,22,672,172,DG,7573.3,2069.5,4053.4
19656,22,677,160,DG,7536.8,2182.9,4067.4
19657,22,678,165,DG,7549.2,2126.2,4045.5
19667,22,690,158,DG,7536.4,2201.8,4084.7
19680,22,707,162,DG,7548.6,2164.0,4080.0
19686,22,713,147,DG,7499.9,2315.3,4098.8
19692,22,722,158,DG,7536.4,2201.8,4084.7
19704,22,734,176,DG,7585.4,2031.7,4048.7
19733,22,765,147,DG,7499.9,2315.3,4098.8
19744,22,777,175,DG,7573.9,2031.7,4018.8
19745,22,778,177,DG,7585.7,2012.8,4031.4
19748,22,781,166,DG,7560.8,2126.2,4075.3
19750,22,783,178,DG,7597.3,2012.8,4061.3
23646,26,107,147,DG,7119.2,2573.6,4049.2
23674,26,174,152,DG,7112.4,2514.6,4031.1
23678,26,191,174,DG,7148.5,2298.2,4007.8
23680,26,194,149,DG,7097.3,2534.2,4024.8
23681,26,201,158,DG,7131.8,2455.6,4031.5
23698,26,234,162,DG,7136.0,2416.2,4025.6
23706,26,258,178,DG,7152.7,2258.9,4001.9
23714,26,276,155,DG,7090.5,2475.2,4006.7
23725,26,324,149,DG,7097.3,2534.2,4024.8
23733,26,354,174,DG,7148.5,2298.2,4007.8
23754,26,396,154,DG,7127.6,2494.9,4037.4
23768,26,433,151,DG,7086.3,2514.6,4012.6
23773,26,448,152,DG,7112.4,2514.6,4031.1
23825,26,576,149,DG,7097.3,2534.2,4024.8
23834,26,604,157,DG,7105.7,2455.6,4013.0
23835,26,605,174,DG,7148.5,2298.2,4007.8
23841,26,611,153,DG,7101.5,2494.9,4018.9
23851,26,621,173,DG,7122.4,2298.2,3989.3
23881,26,651,171,DG,7107.3,2317.9,3983.0
23891,26,661,175,DG,7111.4,2278.5,3977.1
24429,27,505,545,DG,7800.5,2019.0,4103.1
24444,27,521,539,DG,7809.2,2078.2,4086.8
24456,27,536,539,DG,7809.2,2078.2,4086.8
24489,27,576,549,DG,7794.3,1979.4,4103.4
24518,27,613,539,DG,7809.2,2078.2,4086.8
24526,27,624,540,DG,7807.9,2078.2,4054.8
24587,27,703,544,DG,7801.7,2038.7,4055.0
24590,27,706,545,DG,7800.5,2019.0,4103.1
24619,27,751,541,DG,7806.7,2058.5,4102.9
24632,27,768,543,DG,7803.0,2038.7,4087.0
24633,27,769,543,DG,7803.0,2038.7,4087.0
24634,27,770,546,DG,7799.3,2019.0,4071.2
24666,27,803,537,DG,7812.9,2098.0,4102.6
24671,27,808,539,DG,7809.2,2078.2,4086.8
24707,27,844,545,DG,7800.5,2019.0,4103.1
26001,29,648,534,DG,6864.1,2134.2,4547.2
26004,29,651,537,DG,6852.6,2097.4,4513.5
26013,29,665,540,DG,6892.0,2079.0,4541.9
26018,29,671,532,DG,6869.9,2152.6,4564.0
26023,29,677,540,DG,6892.0,2079.0,4541.9
26026,29,686,518,DG,6797.3,2281.5,4568.8
26032,29,695,518,DG,6797.3,2281.5,4568.8
26037,29,702,524,DG,6847.8,2226.2,4586.1
26039,29,705,518,DG,6797.3,2281.5,4568.8
26054,29,724,536,DG,6881.0,2115.8,4553.0
26055,29,725,524,DG,6847.8,2226.2,4586.1
26059,29,729,518,DG,6797.3,2281.5,4568.8
26060,29,730,540,DG,6892.0,2079.0,4541.9
26063,29,733,524,DG,6847.8,2226.2,4586.1
26070,29,749,521,DG,6836.8,2263.1,4597.2
26076,29,759,532,DG,6869.9,2152.6,4564.0
26077,29,761,541,DG,6863.6,2060.5,4502.5
26082,29,767,518,DG,6797.3,2281.5,4568.8
26084,29,772,544,DG,6903.1,2042.1,4530.9
26090,29,779,525,DG,6819.4,2207.8,4546.7
26098,29,790,532,DG,6869.9,2152.6,4564.0
26099,29,792,524,DG,6847.8,2226.2,4586.1
26103,29,799,540,DG,6892.0,2079.0,4541.9
26110,29,807,536,DG,6881.0,2115.8,4553.0
26126,29,828,532,DG,6869.9,2152.6,4564.0
26129,29,832,540,DG,6892.0,2079.0,4541.9
26151,29,859,546,DG,6897.3,2023.7,4514.0
26153,29,862,540,DG,6892.0,2079.0,4541.9
26154,29,863,540,DG,6892.0,2079.0,4541.9
26164,29,879,540,DG,6892.0,2079.0,4541.9
26169,29,886,529,DG,6830.5,2171.0,4535.6
26172,29,889,534,DG,6864.1,2134.2,4547.2
26173,29,891,527,DG,6836.2,2189.4,4552.4
26175,29,896,537,DG,6852.6,2097.4,4513.5
26179,29,904,532,DG,6869.9,2152.6,4564.0
26181,29,906,540,DG,6892.0,2079.0,4541.9
26182,29,910,521,DG,6836.8,2263.1,4597.2
26183,29,911,540,DG,6892.0,2079.0,4541.9
26191,29,926,540,DG,6892.0,2079.0,4541.9
26194,29,929,532,DG,6869.9,2152.6,4564.0
26209,29,954,540,DG,6892.0,2079.0,4541.9
26215,29,961,546,DG,6897.3,2023.7,4514.0
26218,29,968,525,DG,6819.4,2207.8,4546.7
26221,29,974,534,DG,6864.1,2134.2,4547.2
26226,29,982,540,DG,6892.0,2079.0,4541.9
26227,29,983,529,DG,6830.5,2171.0,4535.6
26231,29,990,536,DG,6881.0,2115.8,4553.0
26239,29,999,536,DG,6881.0,2115.8,4553.0
26242,29,1002,547,DG,6891.5,2005.3,4497.2
26244,29,1004,514,DG,6786.2,2318.3,4579.8
26248,29,1011,533,DG,6841.5,2134.2,4524.6
26249,29,1012,540,DG,6892.0,2079.0,4541.9
26256,29,1023,534,DG,6864.1,2134.2,4547.2
26258,29,1026,540,DG,6892.0,2079.0,4541.9
26260,29,1029,536,DG,6881.0,2115.8,4553.0
26266,29,1040,536,DG,6881.0,2115.8,4553.0
26269,29,1046,537,DG,6852.6,2097.4,4513.5
26271,29,1048,525,DG,6819.4,2207.8,4546.7
26273,29,1050,543,DG,6880.4,2042.1,4508.2
26275,29,1054,540,DG,6892.0,2079.0,4541.9
26276,29,1055,533,DG,6841.5,2134.2,4524.6
26277,29,1056,533,DG,6841.5,2134.2,4524.6
26281,29,1061,532,DG,6869.9,2152.6,4564.0
26285,29,1066,542,DG,6886.2,2060.5,4525.1
26290,29,1073,516,DG,6803.1,2299.9,4585.6
26298,29,1086,510,DG,6775.2,2355.1,4590.9
26299,29,1087,527,DG,6836.2,2189.4,4552.4
29542,34,422,532,DG,6814.7,2336.7,4619.3
29555,34,447,514,DG,6731.0,2502.4,4635.1
29566,34,474,521,DG,6781.5,2447.2,4652.4
29570,34,485,522,DG,6753.1,2428.8,4613.0
29574,34,499,521,DG,6781.5,2447.2,4652.4
29579,34,507,515,DG,6753.6,2502.4,4657.7
29587,34,528,515,DG,6753.6,2502.4,4657.7
29589,34,536,534,DG,6808.9,2318.3,4602.4
29590,34,537,514,DG,6731.0,2502.4,4635.1
29604,34,576,514,DG,6731.0,2502.4,4635.1
29612,34,592,533,DG,6786.2,2318.3,4579.8
29621,34,621,528,DG,6803.6,2373.5,4630.3
29625,34,644,525,DG,6764.1,2391.9,4601.9
29638,34,674,529,DG,6775.2,2355.1,4590.9
29654,34,710,532,DG,6814.7,2336.7,4619.3
29677,34,765,513,DG,6759.4,2520.8,4674.5
29682,34,783,539,DG,6814.1,2263.1,4574.5
29690,34,791,522,DG,6753.1,2428.8,4613.0
29695,34,796,540,DG,6836.8,2263.1,4597.2
29727,34,828,522,DG,6753.1,2428.8,4613.0
29735,34,836,528,DG,6803.6,2373.5,4630.3
29737,34,838,530,DG,6797.8,2355.1,4613.5
29742,34,843,536,DG,6825.7,2299.9,4608.2
29760,34,861,533,DG,6786.2,2318.3,4579.8
29771,34,872,527,DG,6781.0,2373.5,4607.7
29774,34,875,533,DG,6786.2,2318.3,4579.8
29775,34,876,536,DG,6825.7,2299.9,4608.2
29776,34,877,524,DG,6792.6,2410.3,4641.4
32780,38,294,541,DG,7363.6,2000.5,4602.5
32786,38,306,557,DG,7407.8,1853.3,4558.2
32790,38,311,537,DG,7352.6,2037.4,4613.5
32794,38,315,546,DG,7397.3,1963.7,4614.0
32805,38,326,547,DG,7391.5,1945.3,4597.2
32818,38,340,556,DG,7436.2,1871.7,4597.7
32822,38,345,541,DG,7363.6,2000.5,4602.5
32844,38,369,545,DG,7374.7,1963.7,4591.4
32845,38,370,537,DG,7352.6,2037.4,4613.5
32850,38,375,547,DG,7391.5,1945.3,4597.2
32875,38,405,538,DG,7375.2,2037.4,4636.1
32881,38,411,541,DG,7363.6,2000.5,4602.5
32885,38,415,536,DG,7381.0,2055.8,4653.0
32894,38,425,546,DG,7397.3,1963.7,4614.0
32896,38,427,537,DG,7352.6,2037.4,4613.5
32912,38,444,539,DG,7369.4,2019.0,4619.3
32938,38,473,557,DG,7407.8,1853.3,4558.2
32946,38,482,546,DG,7397.3,1963.7,4614.0
32985,38,525,536,DG,7381.0,2055.8,4653.0
32999,38,541,542,DG,7386.2,2000.5,4625.1
33013,38,558,541,DG,7363.6,2000.5,4602.5
33016,38,561,553,DG,7396.8,1890.1,4569.3
33020,38,565,553,DG,7396.8,1890.1,4569.3
33023,38,568,546,DG,7397.3,1963.7,4614.0
33036,38,582,536,DG,7381.0,2055.8,4653.0
33037,38,583,537,DG,7352.6,2037.4,4613.5
33044,38,591,533,DG,7341.5,2074.2,4624.6
33052,38,599,543,DG,7380.4,1982.1,4608.2
33055,38,602,538,DG,7375.2,2037.4,4636.1
33060,38,607,545,DG,7374.7,1963.7,4591.4
33064,38,612,544,DG,7403.1,1982.1,4630.9
33073,38,623,543,DG,7380.4,1982.1,4608.2
33097,38,651,546,DG,7397.3,1963.7,4614.0
33104,38,660,557,DG,7407.8,1853.3,4558.2
33105,38,661,553,DG,7396.8,1890.1,4569.3
33115,38,671,545,DG,7374.7,1963.7,4591.4
33129,38,689,546,DG,7397.3,1963.7,4614.0
33135,38,695,547,DG,7391.5,1945.3,4597.2
33138,38,698,553,DG,7396.8,1890.1,4569.3
33142,38,703,539,DG,7369.4,2019.0,4619.3
33154,38,716,544,DG,7403.1,1982.1,4630.9
33157,38,719,539,DG,7369.4,2019.0,4619.3
33175,38,738,536,DG,7381.0,2055.8,4653.0
33186,38,751,536,DG,7381.0,2055.8,4653.0
33230,38,802,541,DG,7363.6,2000.5,4602.5
33233,38,806,550,DG,7408.3,1926.9,4603.0
33244,38,818,536,DG,7381.0,2055.8,4653.0
33257,38,836,536,DG,7381.0,2055.8,4653.0
33262,38,842,537,DG,7352.6,2037.4,4613.5
33268,38,850,545,DG,7374.7,1963.7,4591.4
33270,38,852,539,DG,7369.4,2019.0,4619.3
33273,38,855,543,DG,7380.4,1982.1,4608.2
33279,38,862,563,DG,7458.3,1798.0,4575.6
33284,38,871,536,DG,7381.0,2055.8,4653.0
33287,38,874,552,DG,7425.2,1908.5,4608.8
33290,38,878,546,DG,7397.3,1963.7,4614.0
33293,38,882,535,DG,7358.3,2055.8,4630.3
33310,38,912,554,DG,7419.4,1890.1,4591.9
33334,38,945,534,DG,7364.1,2074.2,4647.2
33335,38,948,538,DG,7375.2,2037.4,4636.1
33356,38,980,546,DG,7397.3,1963.7,4614.0
33370,38,999,544,DG,7403.1,1982.1,4630.9
33390,38,1022,544,DG,7403.1,1982.1,4630.9
33415,38,1051,555,DG,7413.6,1871.7,4575.1
33419,38,1055,546,DG,7397.3,1963.7,4614.0
33427,38,1064,593,DG,7529.9,1521.9,4481.4
33443,38,1087,594,DG,7524.1,1503.5,4464.6
33449,38,1093,559,DG,7447.3,1834.9,4586.7
33453,38,1099,547,DG,7391.5,1945.3,4597.2
